Time,NEW,SAME,EXCLUDED
13_44,381,0,0
13_44 - 15_30,50,375,3
13_44 - 15_30,50,375,3
13_44 - 15_30,50,375,3
15_30 - 05_58,244,79,346
05_58 - 06_24,1,323,0
06_24 - 06_38,0,324,0
06_38 - 07_12,3,324,0
07_12 - 07_16,0,327,0
07_16 - 07_37,1,327,0
07_37 - 08_21,3,327,1
08_21 - 08_38,1,330,0
08_38 - 09_17,2,330,1
09_17 - 09_37,3,331,1
09_37 - 10_18,11,334,0
10_18 - 10_37,11,343,2
10_37 - 11_14,19,354,0
11_14 - 11_37,14,372,1
11_37 - 12_33,31,386,0
12_33 - 13_22,31,414,3
13_22 - 13_37,9,445,0
13_37 - 14_16,23,452,2
14_16 - 14_37,15,474,1
14_37 - 15_18,16,485,4
15_18 - 15_37,6,500,1
15_37 - 16_32,21,501,5
16_32 - 17_15,17,513,9
17_15 - 17_37,12,529,1
17_37 - 18_20,16,538,3
18_20 - 18_37,8,550,4
18_37 - 19_13,9,556,2
19_13 - 19_37,10,562,3
19_37 - 20_17,8,571,1
20_17 - 20_37,7,579,0
20_37 - 21_14,12,585,1
21_14 - 21_37,6,596,1
21_37 - 22_16,3,602,0
22_16 - 22_37,6,605,0
22_37 - 23_17,6,611,0
23_17 - 23_37,2,617,0
23_37 - 01_17,12,320,299
01_17 - 02_15,4,331,1
02_15 - 02_43,6,333,2
02_43 - 03_17,1,339,0
03_17 - 03_37,1,339,1
03_37 - 04_20,0,340,0
04_20 - 04_37,0,340,0
04_37 - 05_16,2,339,1
05_16 - 05_37,0,341,0
05_37 - 06_22,4,341,0
06_22 - 06_38,0,345,0
06_38 - 07_15,1,345,0
07_15 - 07_37,2,346,0
07_37 - 08_20,2,348,0
08_20 - 08_38,3,350,0
08_38 - 09_16,1,353,0
09_16 - 09_37,2,354,0
09_37 - 10_18,9,356,0
10_18 - 10_38,5,365,0
10_38 - 11_14,22,370,0
11_14 - 11_37,19,392,0
11_37 - 12_31,28,411,0
12_31 - 13_20,26,438,1
13_20 - 13_37,8,462,2
13_37 - 14_15,22,467,3
14_15 - 14_37,10,487,2
14_37 - 15_17,11,493,4
15_17 - 15_37,8,504,0
15_37 - 16_22,12,511,1
16_22 - 16_40,3,522,1
16_40 - 17_14,14,523,2
17_14 - 17_37,9,537,0
17_37 - 18_20,7,546,0
18_20 - 18_37,1,553,0
18_37 - 19_13,12,550,4
19_13 - 19_37,5,560,2
19_37 - 20_17,18,563,2
20_17 - 20_37,7,581,0
20_37 - 21_14,8,586,2
21_14 - 21_37,2,594,0
21_37 - 22_15,10,596,0
22_15 - 22_37,1,606,0
22_37 - 23_17,1,607,0
23_17 - 23_38,2,608,0
23_38 - 01_18,3,290,320
01_18 - 02_12,4,293,0
02_12 - 02_41,1,297,0
02_41 - 03_17,0,298,0
03_17 - 03_37,0,298,0
03_37 - 04_19,0,298,0
04_19 - 04_37,0,298,0
04_37 - 05_15,0,298,0
05_15 - 05_37,3,297,1
05_37 - 06_20,2,300,0
06_20 - 06_37,2,301,1
06_37 - 07_15,1,303,0
07_15 - 07_37,0,304,0
07_37 - 08_19,2,303,1
08_19 - 08_37,0,305,0
08_37 - 09_15,1,305,0
09_15 - 09_37,0,306,0
09_37 - 10_16,5,306,0
10_16 - 10_37,2,311,0
10_37 - 11_13,4,312,1
11_13 - 11_37,2,315,1
11_37 - 12_30,3,317,0
12_30 - 13_17,10,319,1
13_17 - 13_37,4,328,1
13_37 - 14_14,3,332,0
14_14 - 14_37,1,335,0
14_37 - 15_15,3,336,0
15_15 - 15_37,3,339,0
15_37 - 16_20,5,341,1
16_20 - 16_38,1,345,1
16_38 - 17_13,1,346,0
17_13 - 17_37,2,346,1
17_37 - 18_20,4,348,0
18_20 - 18_37,1,352,0
18_37 - 19_12,3,353,0
19_12 - 19_37,2,356,0
19_37 - 20_15,2,358,0
20_15 - 20_37,0,360,0
20_37 - 21_14,3,359,1
21_14 - 21_38,1,362,0
21_38 - 22_15,4,363,0
22_15 - 22_37,4,365,2
22_37 - 23_17,1,369,0
23_17 - 23_37,0,370,0
23_37 - 01_35,0,83,287
01_35 - 02_37,2,83,0
02_37 - 03_17,3,85,0
03_17 - 03_37,0,88,0
03_37 - 04_19,4,87,1
04_19 - 04_37,0,91,0
04_37 - 05_15,0,91,0
05_15 - 05_37,0,91,0
05_37 - 06_21,0,91,0
06_21 - 06_38,0,91,0
06_38 - 07_14,1,91,0
07_14 - 07_37,0,92,0
07_37 - 08_19,1,92,0
08_19 - 08_37,0,93,0
08_37 - 09_15,0,93,0
09_15 - 09_37,0,93,0
09_37 - 10_16,2,93,0
10_16 - 10_37,2,95,0
10_37 - 11_12,6,97,0
11_12 - 11_37,2,103,0
11_37 - 12_30,7,105,0
12_30 - 12_51,2,112,0
12_51 - 13_18,5,114,0
13_18 - 13_37,0,119,0
13_37 - 14_14,6,119,0
14_14 - 14_38,6,125,0
14_38 - 15_16,3,130,1
15_16 - 15_37,1,133,0
15_37 - 16_20,4,134,0
16_20 - 16_38,0,138,0
16_38 - 17_14,7,138,0
17_14 - 17_37,0,145,0
17_37 - 18_19,4,143,2
18_19 - 18_38,2,147,0
18_38 - 19_13,2,149,0
19_13 - 19_38,1,151,0
19_38 - 20_16,2,151,1
20_16 - 20_37,0,153,0
20_37 - 21_14,5,153,0
21_14 - 21_37,1,158,0
21_37 - 22_15,1,159,0
22_15 - 22_37,0,160,0
22_37 - 23_16,4,159,1
23_16 - 23_37,1,163,0
23_37 - 01_22,4,80,84
01_22 - 02_23,3,84,0
02_23 - 02_45,2,87,0
02_45 - 03_18,1,89,0
03_18 - 03_37,0,90,0
03_37 - 04_20,1,90,0
04_20 - 04_38,0,91,0
04_38 - 05_16,3,90,1
05_16 - 05_37,0,93,0
05_37 - 06_22,2,93,0
06_22 - 06_38,0,95,0
06_38 - 07_16,2,95,0
07_16 - 07_37,0,97,0
07_37 - 08_22,0,97,0
08_22 - 08_38,1,97,0
08_38 - 09_17,2,98,0
09_17 - 09_37,0,100,0
09_37 - 10_18,7,99,1
10_18 - 10_37,6,106,0
10_37 - 11_14,24,112,0
11_14 - 11_37,16,136,0
11_37 - 12_34,32,152,0
12_34 - 13_20,28,184,0
13_20 - 13_38,10,210,2
13_38 - 14_16,18,219,1
14_16 - 14_37,12,236,1
14_37 - 15_17,22,243,5
15_17 - 15_38,11,265,0
15_38 - 16_22,14,275,1
16_22 - 16_40,6,287,2
16_40 - 17_15,10,291,2
17_15 - 17_37,5,301,0
17_37 - 18_19,11,306,0
18_19 - 18_37,10,317,0
18_37 - 19_13,12,326,1
19_13 - 19_37,4,336,2
19_37 - 20_17,16,339,1
20_17 - 20_38,4,355,0
20_38 - 21_14,9,357,2
21_14 - 22_16,14,366,0
22_16 - 22_37,4,380,0
22_37 - 23_18,5,384,0
23_18 - 23_37,2,389,0
23_37 - 01_24,9,308,83
01_24 - 02_22,5,317,0
02_22 - 02_46,2,321,1
02_46 - 03_18,2,323,0
03_18 - 03_37,1,325,0
03_37 - 04_20,0,326,0
04_20 - 04_37,1,325,1
04_37 - 05_15,0,326,0
05_15 - 05_37,1,326,0
05_37 - 06_22,2,327,0
06_22 - 06_38,2,329,0
06_38 - 07_15,3,331,0
07_15 - 07_37,0,334,0
07_37 - 08_20,3,334,0
08_20 - 08_37,0,337,0
08_37 - 09_16,3,337,0
09_16 - 09_37,2,339,1
09_37 - 10_18,10,340,1
10_18 - 10_37,7,350,0
10_37 - 11_14,22,357,0
11_14 - 12_43,47,378,1
12_43 - 13_38,35,421,4
13_38 - 14_16,24,453,3
14_16 - 14_37,15,474,3
14_37 - 15_18,18,489,0
15_18 - 15_37,8,505,2
15_37 - 16_22,11,511,2
16_22 - 16_40,7,521,1
16_40 - 17_15,10,528,0
17_15 - 17_37,9,538,0
17_37 - 18_21,16,545,2
18_21 - 18_37,9,559,2
18_37 - 19_13,12,564,4
19_13 - 19_37,10,572,4
19_37 - 20_17,18,580,2
20_17 - 20_37,8,598,0
20_37 - 21_14,12,606,0
21_14 - 21_37,6,618,0
21_37 - 22_16,10,623,1
22_16 - 22_38,1,633,0
22_38 - 23_16,5,632,2
23_16 - 23_37,2,636,1
23_37 - 01_21,9,329,309
01_21 - 02_20,1,338,0
02_20 - 02_44,2,339,0
02_44 - 03_17,4,341,0
03_17 - 03_38,0,345,0
03_38 - 04_20,2,345,0
04_20 - 04_37,0,347,0
04_37 - 05_15,1,347,0
05_15 - 05_37,2,347,1
05_37 - 06_21,4,349,0
06_21 - 06_38,1,353,0
06_38 - 07_15,2,354,0
07_15 - 07_37,2,356,0
07_37 - 08_20,1,358,0
08_20 - 08_38,1,359,0
08_38 - 09_16,3,360,0
09_16 - 09_37,2,363,0
09_37 - 10_18,12,365,0
10_18 - 10_37,6,377,0
10_37 - 11_13,25,383,0
11_13 - 11_37,16,408,0
11_37 - 12_33,35,424,0
12_33 - 13_39,45,454,5
13_39 - 14_18,21,497,2
14_18 - 14_45,6,518,0
14_45 - 15_23,17,521,3
15_23 - 16_30,32,536,2
16_30 - 16_42,3,568,0
16_42 - 17_15,9,570,1
17_15 - 18_41,33,576,3
18_41 - 19_40,19,608,1
19_40 - 20_23,11,624,3
20_23 - 20_38,6,635,0
20_38 - 21_40,20,637,4
21_40 - 22_18,6,655,2
22_18 - 22_39,2,661,0
22_39 - 23_17,5,663,0
23_17 - 23_38,0,668,0
23_38 - 01_23,13,338,330
01_23 - 02_20,9,350,1
02_20 - 02_44,2,359,0
02_44 - 03_17,0,361,0
03_17 - 03_37,1,361,0
03_37 - 04_19,3,362,0
04_19 - 04_37,0,365,0
04_37 - 05_15,1,365,0
05_15 - 05_37,1,365,1
05_37 - 06_21,5,366,0
06_21 - 06_37,1,371,0
06_37 - 07_15,3,372,0
07_15 - 07_37,0,375,0
07_37 - 08_20,4,375,0
08_20 - 08_38,2,379,0
08_38 - 09_16,4,381,0
09_16 - 09_37,4,385,0
09_37 - 10_18,19,388,1
10_18 - 10_37,9,406,1
10_37 - 11_13,15,415,0
11_13 - 11_37,19,429,1
11_37 - 12_33,35,444,4
12_33 - 13_20,28,477,2
13_20 - 14_15,24,503,2
14_15 - 14_37,10,527,0
14_37 - 15_17,15,537,0
15_17 - 15_37,7,552,0
15_37 - 16_22,17,554,5
16_22 - 16_40,4,571,0
16_40 - 17_14,14,573,2
17_14 - 17_37,8,587,0
17_37 - 18_20,11,593,2
18_20 - 18_37,3,603,1
18_37 - 19_13,6,605,1
19_13 - 19_37,12,610,1
19_37 - 20_17,15,621,1
20_17 - 20_37,6,635,1
20_37 - 21_14,12,640,1
21_14 - 21_37,3,651,1
21_37 - 22_15,8,654,0
22_15 - 22_37,2,662,0
22_37 - 23_17,5,663,1
23_17 - 23_37,1,667,1
23_37 - 01_22,8,328,340
01_22 - 02_18,3,336,0
02_18 - 02_43,1,339,0
02_43 - 03_17,2,340,0
03_17 - 03_37,0,342,0
03_37 - 04_38,2,342,0
04_38 - 05_15,2,343,1
05_15 - 05_37,0,345,0
05_37 - 06_21,5,344,1
06_21 - 06_37,2,349,0
06_37 - 07_14,3,351,0
07_14 - 07_37,1,354,0
07_37 - 08_20,4,355,0
08_20 - 08_38,2,359,0
08_38 - 09_16,2,361,0
09_16 - 09_37,1,363,0
09_37 - 10_17,9,364,0
10_17 - 10_37,7,373,0
10_37 - 11_13,14,380,0
11_13 - 11_37,14,394,0
11_37 - 12_31,22,405,3
12_31 - 13_19,32,424,3
13_19 - 13_37,13,451,5
13_37 - 14_14,18,460,4
14_14 - 14_38,14,477,1
14_38 - 15_16,13,488,3
15_16 - 15_38,7,501,0
15_38 - 16_21,19,505,3
16_21 - 16_39,11,523,1
16_39 - 17_14,13,533,1
17_14 - 17_37,5,546,0
17_37 - 18_20,9,549,2
18_20 - 18_37,3,558,0
18_37 - 19_12,9,559,2
19_12 - 19_37,6,567,1
19_37 - 20_16,8,570,3
20_16 - 20_37,7,577,1
20_37 - 21_13,8,583,1
21_13 - 21_38,7,590,1
21_38 - 22_15,10,595,2
22_15 - 22_37,3,604,1
22_37 - 23_16,6,605,2
23_16 - 23_37,3,611,0
23_37 - 01_21,4,285,329
01_21 - 02_18,1,289,0
02_18 - 02_42,4,289,1
02_42 - 03_17,0,293,0
03_17 - 03_37,0,293,0
03_37 - 04_19,0,293,0
04_19 - 04_37,0,293,0
04_37 - 05_15,1,293,0
05_15 - 05_38,1,294,0
05_38 - 06_20,1,295,0
06_20 - 06_38,0,296,0
06_38 - 07_14,2,296,0
07_14 - 07_37,0,298,0
07_37 - 08_19,0,298,0
08_19 - 08_37,1,298,0
08_37 - 09_14,0,299,0
09_14 - 09_37,0,299,0
09_37 - 10_16,1,299,0
10_16 - 10_37,2,300,0
10_37 - 11_13,3,302,0
11_13 - 11_37,0,305,0
11_37 - 12_30,8,305,0
12_30 - 12_51,3,313,0
12_51 - 13_17,5,316,0
13_17 - 13_37,5,321,0
13_37 - 14_13,3,324,2
14_13 - 14_37,6,327,0
14_37 - 15_15,4,333,0
15_15 - 15_38,7,337,0
15_38 - 16_20,0,344,0
16_20 - 16_38,4,344,0
16_38 - 17_16,5,347,1
17_16 - 17_37,0,352,0
17_37 - 18_19,6,349,3
18_19 - 18_38,0,355,0
18_38 - 19_12,2,355,0
19_12 - 19_37,3,357,0
19_37 - 20_17,2,360,0
20_17 - 20_37,2,362,0
20_37 - 21_13,3,364,0
21_13 - 21_37,1,367,0
21_37 - 22_15,3,368,0
22_15 - 22_37,0,371,0
22_37 - 23_15,1,371,0
23_15 - 23_38,2,372,0
23_38 - 01_33,4,89,285
01_33 - 02_34,3,93,0
02_34 - 03_16,1,96,0
03_16 - 03_37,0,97,0
03_37 - 04_19,0,97,0
04_19 - 04_37,0,97,0
04_37 - 05_15,0,97,0
05_15 - 05_37,0,97,0
05_37 - 06_20,0,97,0
06_20 - 06_38,0,97,0
06_38 - 07_15,3,96,1
07_15 - 07_37,0,99,0
07_37 - 08_19,0,99,0
08_19 - 08_37,0,99,0
08_37 - 09_14,1,99,0
09_14 - 09_37,1,100,0
09_37 - 10_16,3,101,0
10_16 - 10_37,2,104,0
10_37 - 11_12,6,106,0
11_12 - 11_37,1,112,0
11_37 - 12_30,8,112,1
12_30 - 13_17,4,120,0
13_17 - 13_38,2,124,0
13_38 - 14_13,6,126,0
14_13 - 14_38,4,132,0
14_38 - 15_16,7,135,1
15_16 - 15_38,2,142,0
15_38 - 16_20,6,144,0
16_20 - 16_38,2,150,0
16_38 - 17_13,3,152,0
17_13 - 17_37,0,155,0
17_37 - 18_18,4,155,0
18_18 - 18_37,2,159,0
18_37 - 19_12,0,161,0
19_12 - 19_37,1,161,0
19_37 - 20_16,3,162,0
20_16 - 20_37,3,165,0
20_37 - 21_14,4,167,1
21_14 - 21_38,4,171,0
21_38 - 22_14,0,175,0
22_14 - 22_38,2,174,1
22_38 - 23_16,1,176,0
23_16 - 23_37,2,177,0
23_37 - 01_25,6,89,90
01_25 - 02_25,3,94,1
02_25 - 02_46,2,96,1
02_46 - 03_17,0,98,0
03_17 - 03_37,1,98,0
03_37 - 04_20,3,99,0
04_20 - 04_37,1,102,0
04_37 - 05_15,1,103,0
05_15 - 05_37,0,104,0
05_37 - 06_22,1,103,1
06_22 - 06_38,2,104,0
06_38 - 07_17,4,106,0
07_17 - 07_37,0,110,0
07_37 - 08_21,2,110,0
08_21 - 08_38,0,112,0
08_38 - 09_17,2,112,0
09_17 - 09_37,0,114,0
09_37 - 10_18,8,114,0
10_18 - 10_37,5,122,0
10_37 - 11_14,18,127,0
11_14 - 11_37,24,143,2
11_37 - 12_34,26,167,0
12_34 - 13_20,22,192,1
13_20 - 13_37,8,214,0
13_37 - 14_15,22,221,1
14_15 - 14_37,9,243,0
14_37 - 15_17,20,251,1
15_17 - 15_38,4,270,1
15_38 - 16_21,12,269,5
16_21 - 16_40,5,279,2
16_40 - 17_14,12,280,4
17_14 - 17_37,8,290,2
17_37 - 18_20,20,296,2
18_20 - 18_37,5,316,0
18_37 - 19_13,7,320,1
19_13 - 19_37,5,327,0
19_37 - 20_17,10,330,2
20_17 - 20_37,6,336,4
20_37 - 21_14,6,342,0
21_14 - 21_37,5,346,2
21_37 - 22_15,2,351,0
22_15 - 22_37,1,353,0
22_37 - 23_16,12,353,1
23_16 - 23_37,0,365,0
23_37 - 01_25,11,279,86
01_25 - 02_24,2,290,0
02_24 - 02_45,1,292,0
02_45 - 03_17,3,292,1
03_17 - 03_37,0,295,0
03_37 - 04_20,1,295,0
04_20 - 04_38,0,296,0
04_38 - 05_15,2,296,0
05_15 - 05_37,1,298,0
05_37 - 06_21,3,299,0
06_21 - 06_38,2,302,0
06_38 - 07_16,1,304,0
07_16 - 07_37,0,305,0
07_37 - 08_21,3,304,1
08_21 - 08_37,0,307,0
08_37 - 09_16,7,307,0
09_16 - 09_37,0,314,0
09_37 - 10_17,17,313,1
10_17 - 10_37,4,330,0
10_37 - 11_13,23,333,1
11_13 - 11_37,21,356,0
11_37 - 12_35,29,377,0
12_35 - 13_19,37,400,6
13_19 - 13_37,9,437,0
13_37 - 14_15,24,443,3
14_15 - 14_38,10,466,1
14_38 - 15_17,22,476,0
15_17 - 15_37,7,498,0
15_37 - 16_22,18,504,1
16_22 - 16_40,4,522,0
16_40 - 17_14,15,524,2
17_14 - 17_38,4,539,0
17_38 - 18_20,13,541,2
18_20 - 18_37,11,552,2
18_37 - 19_13,16,559,4
19_13 - 19_37,8,573,2
19_37 - 20_17,10,581,0
20_17 - 20_38,7,589,2
20_38 - 21_37,12,594,2
21_37 - 22_15,6,606,0
22_15 - 22_37,3,612,0
22_37 - 23_16,4,614,1
23_16 - 23_37,4,617,1
23_37 - 01_25,11,339,282
01_25 - 02_24,1,350,0
02_24 - 02_45,5,349,2
02_45 - 03_17,1,354,0
03_17 - 03_37,0,355,0
03_37 - 04_20,1,355,0
04_20 - 04_37,0,356,0
04_37 - 05_15,2,356,0
05_15 - 05_37,2,358,0
05_37 - 06_21,3,360,0
06_21 - 06_37,1,363,0
06_37 - 07_15,3,364,0
07_15 - 07_38,0,367,0
07_38 - 08_21,4,366,1
08_21 - 08_38,0,370,0
08_38 - 09_16,8,370,0
09_16 - 09_37,4,378,0
09_37 - 10_18,12,382,0
10_18 - 10_38,5,393,1
10_38 - 11_13,18,398,0
11_13 - 11_37,20,416,0
11_37 - 12_33,32,436,0
12_33 - 13_19,27,466,2
13_19 - 13_37,13,489,4
13_37 - 14_15,11,502,0
14_15 - 14_37,15,512,1
14_37 - 15_17,18,526,1
15_17 - 15_37,6,540,4
15_37 - 16_21,20,545,1
16_21 - 16_40,7,564,1
16_40 - 17_14,7,571,0
17_14 - 17_37,10,577,1
17_37 - 18_20,11,582,5
18_20 - 18_38,7,591,2
18_38 - 19_13,12,596,2
19_13 - 19_37,10,607,1
19_37 - 20_17,12,617,0
20_17 - 20_37,6,629,0
20_37 - 21_14,20,634,1
21_14 - 21_37,8,652,2
21_37 - 22_15,9,660,0
22_15 - 22_37,5,668,1
22_37 - 23_16,1,673,0
23_16 - 23_37,2,674,0
23_37 - 01_23,7,332,344
01_23 - 02_22,4,339,0
02_22 - 02_44,1,343,0
02_44 - 03_17,2,344,0
03_17 - 03_38,0,346,0
03_38 - 04_20,3,346,0
04_20 - 04_37,0,349,0
04_37 - 05_16,0,349,0
05_16 - 05_37,0,349,0
05_37 - 06_21,2,349,0
06_21 - 06_38,1,351,0
06_38 - 07_15,0,352,0
07_15 - 07_37,2,352,0
07_37 - 08_20,2,354,0
08_20 - 08_37,3,355,1
08_37 - 09_15,3,357,1
09_15 - 09_38,3,360,0
09_38 - 10_17,6,362,1
10_17 - 10_38,3,368,0
10_38 - 11_13,21,371,0
11_13 - 11_37,15,389,3
11_37 - 12_33,34,404,0
12_33 - 13_19,25,437,1
13_19 - 13_37,11,461,1
13_37 - 14_15,25,472,0
14_15 - 14_38,9,495,2
14_38 - 15_16,19,502,2
15_16 - 15_38,6,521,0
15_38 - 16_21,13,523,4
16_21 - 16_40,5,534,2
16_40 - 17_14,14,536,3
17_14 - 17_37,8,549,1
17_37 - 18_20,20,553,4
18_20 - 18_38,5,573,0
18_38 - 19_13,21,575,3
19_13 - 19_37,8,596,0
19_37 - 20_17,7,604,0
20_17 - 20_37,4,609,2
20_37 - 21_14,13,608,5
21_14 - 21_38,6,618,3
21_38 - 22_15,9,622,2
22_15 - 22_38,6,631,0
22_38 - 23_16,3,635,2
23_16 - 23_37,0,638,0
23_37 - 01_24,11,308,330
01_24 - 02_22,1,319,0
02_22 - 02_45,4,320,0
02_45 - 03_17,0,324,0
03_17 - 03_37,0,324,0
03_37 - 04_20,3,324,0
04_20 - 04_37,0,327,0
04_37 - 05_15,1,327,0
05_15 - 05_37,1,328,0
05_37 - 06_21,2,329,0
06_21 - 06_37,1,331,0
06_37 - 07_15,0,332,0
07_15 - 07_37,1,332,0
07_37 - 08_20,4,332,1
08_20 - 08_37,0,336,0
08_37 - 09_16,2,336,0
09_16 - 09_37,2,337,1
09_37 - 10_17,9,339,0
10_17 - 10_37,5,348,0
10_37 - 11_13,20,353,0
11_13 - 11_37,14,373,0
11_37 - 12_31,28,387,0
12_31 - 13_19,16,415,0
13_19 - 13_37,10,430,1
13_37 - 14_14,18,440,0
14_14 - 14_37,10,456,2
14_37 - 15_16,13,463,3
15_16 - 15_38,5,476,0
15_38 - 16_21,11,480,1
16_21 - 16_40,6,490,1
16_40 - 17_14,12,495,1
17_14 - 17_37,13,505,2
17_37 - 18_20,5,518,0
18_20 - 18_38,6,523,0
18_38 - 19_12,6,528,1
19_12 - 19_38,3,534,0
19_38 - 20_17,13,532,5
20_17 - 20_37,2,545,0
20_37 - 21_14,2,546,1
21_14 - 21_37,6,548,0
21_37 - 22_15,5,552,2
22_15 - 22_37,0,557,0
22_37 - 23_16,6,557,0
23_16 - 23_37,0,563,0
23_37 - 01_22,4,255,308
01_22 - 02_19,2,259,0
02_19 - 02_43,1,261,0
02_43 - 03_17,1,262,0
03_17 - 03_37,1,263,0
03_37 - 04_19,3,263,1
04_19 - 04_37,0,266,0
04_37 - 05_15,1,266,0
05_15 - 05_37,0,267,0
05_37 - 06_20,0,267,0
06_20 - 06_37,1,267,0
06_37 - 07_14,2,268,0
07_14 - 07_37,1,270,0
07_37 - 08_19,1,271,0
08_19 - 08_37,0,272,0
08_37 - 09_14,2,272,0
09_14 - 09_37,1,274,0
09_37 - 10_16,3,275,0
10_16 - 10_37,1,278,0
10_37 - 11_12,2,278,1
11_12 - 11_37,1,280,0
11_37 - 12_30,7,279,2
12_30 - 12_52,6,286,0
12_52 - 13_17,6,292,0
13_17 - 13_37,1,298,0
13_37 - 14_15,7,297,2
14_15 - 14_37,7,304,0
14_37 - 15_15,7,310,1
15_15 - 15_37,2,316,1
15_37 - 16_20,4,318,0
16_20 - 16_38,1,322,0
16_38 - 17_13,2,323,0
17_13 - 17_38,3,325,0
17_38 - 18_19,3,326,2
18_19 - 18_37,1,329,0
18_37 - 19_12,3,330,0
19_12 - 19_38,5,332,1
19_38 - 20_16,1,337,0
20_16 - 20_37,2,338,0
20_37 - 21_13,3,340,0
21_13 - 21_37,0,343,0
21_37 - 22_14,2,343,0
22_14 - 22_38,0,345,0
22_38 - 23_15,1,345,0
23_15 - 23_37,1,346,0
23_37 - 01_37,1,92,255
01_37 - 02_38,5,92,1
02_38 - 03_17,1,97,0
03_17 - 03_38,0,98,0
03_38 - 04_19,1,97,1
04_19 - 04_37,0,98,0
04_37 - 05_15,2,98,0
05_15 - 05_37,1,99,1
05_37 - 06_20,0,100,0
06_20 - 06_37,0,100,0
06_37 - 07_14,0,100,0
07_14 - 07_37,0,100,0
07_37 - 08_19,1,100,0
08_19 - 08_37,1,101,0
08_37 - 09_14,1,102,0
09_14 - 09_37,1,103,0
09_37 - 10_16,2,104,0
10_16 - 10_37,3,106,0
10_37 - 11_12,6,109,0
11_12 - 11_38,1,115,0
11_38 - 12_30,8,116,0
12_30 - 12_52,3,124,0
12_52 - 13_17,7,127,0
13_17 - 13_37,0,134,0
13_37 - 14_13,5,133,1
14_13 - 14_38,3,138,0
14_38 - 15_15,4,141,0
15_15 - 15_37,4,145,0
15_37 - 16_20,3,148,1
16_20 - 16_38,1,151,0
16_38 - 17_13,4,152,0
17_13 - 17_37,5,156,0
17_37 - 18_19,5,160,1
18_19 - 18_37,2,165,0
18_37 - 19_12,2,167,0
19_12 - 19_37,3,169,0
19_37 - 20_16,4,171,1
20_16 - 20_37,2,173,2
20_37 - 21_13,5,174,1
21_13 - 21_37,2,178,1
21_37 - 22_15,3,179,1
22_15 - 22_37,2,182,0
22_37 - 23_16,2,183,1
23_16 - 23_37,1,185,0
23_37 - 01_35,8,95,91
01_35 - 02_38,4,102,1
02_38 - 03_19,2,106,0
03_19 - 03_37,0,108,0
03_37 - 04_20,2,108,0
04_20 - 04_37,0,110,0
04_37 - 05_16,2,110,0
05_16 - 05_37,1,111,1
05_37 - 06_22,4,112,0
06_22 - 06_38,1,116,0
06_38 - 07_15,2,117,0
07_15 - 07_37,3,119,0
07_37 - 08_21,0,122,0
08_21 - 08_38,3,121,1
08_38 - 09_17,3,123,1
09_17 - 09_37,1,126,0
09_37 - 10_18,10,127,0
10_18 - 10_37,5,137,0
10_37 - 11_13,19,141,1
11_13 - 11_37,13,160,0
11_37 - 12_33,31,173,0
12_33 - 13_20,17,203,1
13_20 - 13_37,10,219,1
13_37 - 14_15,18,227,2
14_15 - 14_38,10,244,1
14_38 - 15_17,10,254,0
15_17 - 15_38,5,263,1
15_38 - 16_22,13,264,4
16_22 - 16_40,7,275,2
16_40 - 17_14,15,278,4
17_14 - 17_38,7,293,0
17_38 - 18_20,10,300,0
18_20 - 18_38,10,308,2
18_38 - 19_13,5,316,2
19_13 - 19_37,7,319,2
19_37 - 20_17,16,323,3
20_17 - 20_37,2,338,1
20_37 - 21_14,18,339,1
21_14 - 21_37,9,356,1
21_37 - 22_15,5,365,0
22_15 - 22_37,3,370,0
22_37 - 23_16,5,372,1
23_16 - 23_37,3,377,0
23_37 - 01_25,7,285,95
01_25 - 02_24,4,292,0
02_24 - 02_45,2,296,0
02_45 - 03_17,4,298,0
03_17 - 03_37,3,300,2
03_37 - 04_19,3,303,0
04_19 - 04_37,0,306,0
04_37 - 05_16,1,306,0
05_16 - 05_37,0,307,0
05_37 - 06_21,4,307,0
06_21 - 06_38,1,311,0
06_38 - 07_15,2,312,0
07_15 - 07_37,1,314,0
07_37 - 08_21,4,315,0
08_21 - 08_37,0,319,0
08_37 - 09_16,4,318,1
09_16 - 09_38,2,322,0
09_38 - 10_17,8,324,0
10_17 - 10_38,7,332,0
10_38 - 11_13,21,337,2
11_13 - 11_37,22,355,3
11_37 - 12_33,33,375,2
12_33 - 13_20,28,406,2
13_20 - 13_37,15,434,0
13_37 - 14_16,22,449,0
14_16 - 14_37,13,471,0
14_37 - 15_18,15,482,2
15_18 - 15_37,5,495,2
15_37 - 16_22,16,498,2
16_22 - 16_41,5,513,1
16_41 - 17_14,13,516,2
17_14 - 17_37,10,528,1
17_37 - 18_20,16,538,0
18_20 - 18_37,5,554,0
18_37 - 19_14,12,556,3
19_14 - 19_37,6,567,1
19_37 - 20_17,12,569,4
20_17 - 20_38,9,577,4
20_38 - 21_14,8,584,2
21_14 - 21_37,7,591,1
21_37 - 22_15,6,598,0
22_15 - 22_37,0,603,1
22_37 - 23_16,9,603,0
23_16 - 23_38,1,612,0
23_38 - 01_34,13,323,290
01_34 - 02_36,3,336,0
02_36 - 03_18,0,339,0
03_18 - 03_38,0,339,0
03_38 - 04_20,0,339,0
04_20 - 04_37,0,339,0
04_37 - 05_15,1,339,0
05_15 - 05_37,1,340,0
05_37 - 06_21,1,341,0
06_21 - 06_38,0,342,0
06_38 - 07_15,5,342,0
07_15 - 07_37,5,346,1
07_37 - 08_21,1,351,0
08_21 - 08_37,1,352,0
08_37 - 09_16,4,352,1
09_16 - 09_38,1,356,0
09_38 - 10_17,9,357,0
10_17 - 10_37,6,366,0
10_37 - 11_14,24,372,0
11_14 - 11_37,16,396,0
11_37 - 12_33,36,410,2
12_33 - 13_20,27,445,1
13_20 - 13_38,10,470,2
13_38 - 14_15,25,476,4
14_15 - 14_37,13,501,0
14_37 - 15_17,9,513,1
15_17 - 15_37,9,522,0
15_37 - 16_22,15,526,5
16_22 - 16_40,6,541,0
16_40 - 17_14,9,547,0
17_14 - 17_37,6,556,0
17_37 - 18_20,14,559,3
18_20 - 18_37,4,572,1
18_37 - 19_12,9,575,1
19_12 - 19_37,4,583,1
19_37 - 20_17,8,587,0
20_17 - 20_37,7,593,2
20_37 - 21_13,6,600,0
21_13 - 21_38,9,605,1
21_38 - 22_15,5,614,0
22_15 - 22_37,7,618,1
22_37 - 23_17,8,625,0
23_17 - 23_37,0,633,0
23_37 - 01_24,7,307,326
01_24 - 02_23,5,314,0
02_23 - 02_46,3,319,0
02_46 - 03_17,1,322,0
03_17 - 03_37,0,323,0
03_37 - 04_20,1,323,0
04_20 - 04_37,0,324,0
04_37 - 05_15,1,324,0
05_15 - 05_37,0,325,0
05_37 - 06_21,3,325,0
06_21 - 07_15,5,328,0
07_15 - 07_37,2,333,0
07_37 - 08_21,1,335,0
08_21 - 08_38,0,336,0
08_38 - 09_16,4,336,0
09_16 - 09_38,0,340,0
09_38 - 10_18,10,340,0
10_18 - 10_37,6,350,0
10_37 - 11_13,20,356,0
11_13 - 11_38,14,376,0
11_38 - 12_34,32,390,0
12_34 - 13_21,24,418,4
13_21 - 13_38,11,441,1
13_38 - 14_15,21,449,3
14_15 - 14_37,8,469,1
14_37 - 15_16,11,476,1
15_16 - 15_37,9,487,0
15_37 - 16_22,23,491,5
16_22 - 16_39,6,514,0
16_39 - 17_15,14,519,1
17_15 - 17_38,9,531,2
17_38 - 18_20,12,539,1
18_20 - 18_37,7,551,0
18_37 - 19_13,11,558,0
19_13 - 19_38,10,569,0
19_38 - 20_17,14,574,5
20_17 - 20_37,5,588,0
20_37 - 21_14,11,592,1
21_14 - 21_37,7,603,0
21_37 - 22_16,7,609,1
22_16 - 22_37,7,614,2
22_37 - 23_16,4,621,0
23_16 - 23_37,3,625,0
23_37 - 01_24,3,317,311
01_24 - 02_22,2,320,0
02_22 - 02_45,1,322,0
02_45 - 03_17,2,323,0
03_17 - 03_38,0,325,0
03_38 - 04_19,1,325,0
04_19 - 04_37,0,326,0
04_37 - 05_15,3,326,0
05_15 - 05_37,1,329,0
05_37 - 06_21,4,330,0
06_21 - 06_38,0,334,0
06_38 - 07_16,1,334,0
07_16 - 07_37,0,335,0
07_37 - 08_21,2,335,0
08_21 - 08_38,2,337,0
08_38 - 09_16,2,339,0
09_16 - 09_37,3,341,0
09_37 - 10_18,12,344,0
10_18 - 10_37,1,356,0
10_37 - 11_14,17,356,1
11_14 - 11_38,14,372,1
11_38 - 12_32,22,386,0
12_32 - 13_19,23,406,2
13_19 - 13_37,4,427,2
13_37 - 14_15,16,430,1
14_15 - 14_38,13,445,1
14_38 - 15_16,19,457,1
15_16 - 15_37,10,475,1
15_37 - 16_21,15,481,4
16_21 - 16_40,6,496,0
16_40 - 17_15,13,498,4
17_15 - 17_38,19,510,1
17_38 - 18_20,12,528,1
18_20 - 18_38,6,539,1
18_38 - 19_12,10,544,1
19_12 - 19_37,3,554,0
19_37 - 20_17,7,556,1
20_17 - 20_37,4,563,0
20_37 - 21_14,3,567,0
21_14 - 21_37,5,570,0
21_37 - 22_15,8,575,0
22_15 - 22_37,3,583,0
22_37 - 23_16,6,585,1
23_16 - 23_37,6,590,1
23_37 - 01_25,2,279,317
01_25 - 02_21,3,281,0
02_21 - 02_44,2,284,0
02_44 - 03_17,6,286,0
03_17 - 03_37,0,292,0
03_37 - 04_19,1,292,0
04_19 - 04_37,0,293,0
04_37 - 05_14,0,293,0
05_14 - 05_37,0,293,0
05_37 - 06_20,1,293,0
06_20 - 06_38,0,294,0
06_38 - 07_14,2,294,0
07_14 - 07_38,0,296,0
07_38 - 08_19,1,296,0
08_19 - 08_37,0,297,0
08_37 - 09_14,3,297,0
09_14 - 09_37,1,300,0
09_37 - 10_16,1,301,0
10_16 - 10_38,1,302,0
10_38 - 11_12,2,302,1
11_12 - 11_38,2,304,0
11_38 - 12_30,4,306,0
12_30 - 13_17,7,309,1
13_17 - 13_37,1,316,0
13_37 - 14_13,5,316,1
14_13 - 14_38,4,321,0
14_38 - 15_15,4,324,1
15_15 - 15_38,5,327,1
15_38 - 16_20,5,332,0
16_20 - 16_38,3,337,0
16_38 - 17_14,4,339,1
17_14 - 17_37,3,343,0
17_37 - 18_19,4,346,0
18_19 - 18_37,1,350,0
18_37 - 19_12,7,350,1
19_12 - 19_38,3,356,1
19_38 - 20_16,2,358,1
20_16 - 20_37,2,360,0
20_37 - 21_15,2,362,0
21_15 - 21_37,2,364,0
21_37 - 22_14,4,366,0
22_14 - 22_37,2,369,1
22_37 - 23_16,4,369,2
23_16 - 23_37,1,373,0
23_37 - 01_41,4,97,277
01_41 - 02_43,2,101,0
02_43 - 03_17,3,103,0
03_17 - 03_37,0,106,0
03_37 - 04_19,1,106,0
04_19 - 04_37,0,107,0
04_37 - 05_14,1,106,1
05_14 - 05_37,1,107,0
05_37 - 06_20,0,108,0
06_20 - 06_38,0,108,0
06_38 - 07_14,2,108,0
07_14 - 07_37,1,110,0
07_37 - 08_18,1,111,0
08_18 - 08_38,0,112,0
08_38 - 09_15,0,112,0
09_15 - 09_37,0,112,0
09_37 - 10_16,1,112,0
10_16 - 10_37,3,113,0
10_37 - 11_12,2,116,0
11_12 - 11_37,2,118,0
11_37 - 12_30,9,120,0
12_30 - 12_52,1,129,0
12_52 - 13_17,6,130,0
13_17 - 13_38,2,136,0
13_38 - 14_13,6,138,0
14_13 - 14_37,3,144,0
14_37 - 15_16,8,146,1
15_16 - 15_37,2,154,0
15_37 - 16_20,7,156,0
16_20 - 16_38,4,162,1
16_38 - 17_13,9,165,1
17_13 - 17_37,2,174,0
17_37 - 18_19,6,176,0
18_19 - 18_37,3,181,1
18_37 - 19_12,5,182,2
19_12 - 19_37,3,186,1
19_37 - 20_16,6,188,1
20_16 - 20_38,1,194,0
20_38 - 21_13,2,195,0
21_13 - 21_37,1,196,1
21_37 - 22_15,5,197,0
22_15 - 22_38,2,202,0
22_38 - 23_16,2,204,0
23_16 - 23_38,5,206,0
23_38 - 01_35,9,116,95
01_35 - 02_39,3,124,1
02_39 - 03_17,4,127,0
03_17 - 03_38,1,131,0
03_38 - 04_20,5,132,0
04_20 - 04_38,1,137,0
04_38 - 05_16,1,138,0
05_16 - 05_37,0,139,0
05_37 - 06_22,2,139,0
06_22 - 06_38,0,141,0
06_38 - 07_16,2,141,0
07_16 - 07_37,0,143,0
07_37 - 08_21,2,143,0
08_21 - 08_38,0,145,0
08_38 - 09_16,5,145,0
09_16 - 09_37,3,150,0
09_37 - 10_18,7,152,1
10_18 - 10_37,5,159,0
10_37 - 11_13,8,164,0
11_13 - 11_37,1,171,1
11_37 - 12_33,7,172,0
12_33 - 13_19,16,178,1
13_19 - 13_37,1,194,0
13_37 - 14_14,8,193,2
14_14 - 14_37,5,200,1
14_37 - 15_16,8,205,0
15_16 - 15_37,2,213,0
15_37 - 16_21,6,215,0
16_21 - 16_39,2,221,0
16_39 - 17_14,8,223,0
17_14 - 17_38,7,226,5
17_38 - 18_20,8,233,0
18_20 - 18_38,3,241,0
18_38 - 19_13,5,244,0
19_13 - 19_37,3,249,0
19_37 - 20_17,8,252,0
20_17 - 20_37,3,260,0
20_37 - 21_14,7,263,0
21_14 - 21_37,4,269,1
21_37 - 22_15,6,273,0
22_15 - 22_38,3,277,2
22_38 - 23_16,1,280,0
23_16 - 23_38,4,278,3
23_38 - 01_36,14,162,120
01_36 - 02_38,8,175,1
02_38 - 03_17,1,183,0
03_17 - 03_38,2,183,1
03_38 - 04_20,3,185,0
04_20 - 04_38,1,188,0
04_38 - 05_15,0,189,0
05_15 - 05_37,1,189,0
05_37 - 06_21,3,190,0
06_21 - 06_38,0,193,0
06_38 - 07_15,3,193,0
07_15 - 07_37,2,196,0
07_37 - 08_21,5,197,1
08_21 - 08_37,0,202,0
08_37 - 09_16,4,202,0
09_16 - 09_38,0,206,0
09_38 - 10_17,8,206,0
10_17 - 10_37,8,213,1
10_37 - 11_13,22,219,2
11_13 - 11_37,18,240,1
11_37 - 12_35,41,256,2
12_35 - 13_19,23,295,2
13_19 - 13_37,5,316,2
13_37 - 14_15,22,321,0
14_15 - 14_37,10,342,1
14_37 - 15_17,18,347,5
15_17 - 15_38,7,364,1
15_38 - 16_19,22,369,2
16_19 - 16_37,3,389,2
16_37 - 17_12,11,390,2
17_12 - 17_37,16,400,1
17_37 - 18_20,16,414,2
18_20 - 18_37,6,429,1
18_37 - 19_13,14,434,1
19_13 - 19_37,3,448,0
19_37 - 20_17,13,448,3
20_17 - 20_38,7,460,1
20_38 - 21_14,13,466,1
21_14 - 21_37,7,478,1
21_37 - 22_16,7,485,0
22_16 - 22_38,8,492,0
22_38 - 23_16,11,499,1
23_16 - 23_37,2,510,0
23_37 - 01_46,11,347,165
01_46 - 02_54,4,358,0
02_54 - 03_20,4,359,3
03_20 - 03_37,1,363,0
03_37 - 04_19,1,364,0
04_19 - 04_38,0,365,0
04_38 - 05_15,3,365,0
05_15 - 05_37,1,367,1
05_37 - 06_23,4,368,0
06_23 - 06_38,0,372,0
06_38 - 07_15,5,372,0
07_15 - 07_37,2,377,0
07_37 - 08_20,6,379,0
08_20 - 08_37,0,385,0
08_37 - 09_17,6,385,0
09_17 - 09_37,2,391,0
09_37 - 10_17,10,393,0
10_17 - 10_38,6,403,0
10_38 - 11_13,29,408,1
11_13 - 11_38,20,437,0
11_38 - 12_34,48,455,2
12_34 - 13_19,25,500,3
13_19 - 13_38,13,525,0
13_38 - 14_14,25,535,3
14_14 - 14_37,23,556,4
14_37 - 15_17,29,576,3
15_17 - 15_38,11,603,2
15_38 - 16_21,21,612,2
16_21 - 16_40,11,630,3
16_40 - 17_15,15,639,2
17_15 - 17_37,9,654,0
17_37 - 18_20,14,663,0
18_20 - 18_38,11,675,2
18_38 - 19_12,12,683,3
19_12 - 19_38,7,693,2
19_38 - 20_17,9,698,2
20_17 - 20_37,3,707,0
20_37 - 21_14,16,709,1
21_14 - 21_37,4,725,0
21_37 - 22_15,5,729,0
22_15 - 22_37,4,733,1
22_37 - 23_16,6,736,1
23_16 - 23_38,7,742,0
23_38 - 02_05,30,398,351
02_05 - 03_21,13,428,0
03_21 - 03_42,4,441,0
03_42 - 04_21,15,443,2
04_21 - 04_37,3,457,1
04_37 - 05_16,2,459,1
05_16 - 05_37,0,461,0
05_37 - 06_22,2,461,0
06_22 - 06_39,0,463,0
06_39 - 07_16,2,463,0
07_16 - 07_38,0,465,0
07_38 - 08_20,5,465,0
08_20 - 08_37,2,470,0
08_37 - 09_16,4,471,1
09_16 - 09_37,2,475,0
09_37 - 10_21,17,477,0
10_21 - 10_38,6,494,0
10_38 - 11_13,19,499,1
11_13 - 11_38,23,518,0
11_38 - 12_34,46,540,1
12_34 - 13_20,34,584,2
13_20 - 13_37,12,617,1
13_37 - 14_15,34,627,2
14_15 - 14_37,13,659,2
14_37 - 15_17,8,670,2
15_17 - 15_37,4,677,1
15_37 - 16_24,14,675,6
16_24 - 16_42,5,689,0
16_42 - 17_14,12,692,2
17_14 - 17_37,7,702,2
17_37 - 18_22,15,708,1
18_22 - 18_37,7,723,0
18_37 - 19_13,14,729,1
19_13 - 19_38,7,742,1
19_38 - 20_17,9,749,0
20_17 - 20_37,3,757,1
20_37 - 21_14,6,760,0
21_14 - 21_37,1,766,0
21_37 - 22_15,6,766,1
22_15 - 22_38,6,772,0
22_38 - 23_17,4,776,2
23_17 - 23_37,2,780,0
23_37 - 01_47,9,380,402
01_47 - 02_50,3,389,0
02_50 - 03_17,2,392,0
03_17 - 03_37,2,393,1
03_37 - 04_20,0,395,0
04_20 - 04_38,0,395,0
04_38 - 05_15,1,395,0
05_15 - 05_38,0,396,0
05_38 - 06_21,1,396,0
06_21 - 06_37,0,397,0
06_37 - 07_14,3,397,0
07_14 - 07_37,1,400,0
07_37 - 08_20,3,400,1
08_20 - 08_38,0,403,0
08_38 - 09_16,3,402,1
09_16 - 09_38,2,405,0
09_38 - 10_17,5,407,0
10_17 - 10_38,4,412,0
10_38 - 11_14,18,415,1
11_14 - 11_38,21,433,0
11_38 - 12_35,26,453,1
12_35 - 13_22,20,478,1
13_22 - 13_38,10,495,3
13_38 - 14_14,24,504,1
14_14 - 14_37,7,527,1
14_37 - 15_17,17,533,1
15_17 - 15_38,9,549,1
15_38 - 16_21,17,553,5
16_21 - 16_39,4,569,1
16_39 - 17_14,12,570,3
17_14 - 17_37,10,581,1
17_37 - 18_20,14,590,1
18_20 - 18_38,1,604,0
18_38 - 19_12,6,604,1
19_12 - 19_37,8,610,0
19_37 - 20_17,7,615,3
20_17 - 20_38,5,621,1
20_38 - 21_14,5,625,1
21_14 - 21_37,4,629,1
21_37 - 22_15,5,633,0
22_15 - 22_37,0,638,0
22_37 - 23_17,2,638,0
23_17 - 23_38,1,640,0
23_38 - 01_44,8,260,381
01_44 - 02_47,3,268,0
02_47 - 03_16,0,271,0
03_16 - 03_37,0,271,0
03_37 - 04_19,2,270,1
04_19 - 04_38,1,272,0
04_38 - 05_14,0,273,0
05_14 - 05_38,0,273,0
05_38 - 06_20,0,273,0
06_20 - 06_38,2,273,0
06_38 - 07_13,0,275,0
07_13 - 07_37,1,275,0
07_37 - 08_19,1,276,0
08_19 - 08_38,1,276,1
08_38 - 09_14,1,277,0
09_14 - 09_37,0,278,0
09_37 - 10_16,1,278,0
10_16 - 10_38,3,279,0
10_38 - 11_13,0,282,0
11_13 - 11_37,3,282,0
11_37 - 12_31,6,285,0
12_31 - 13_18,9,290,1
13_18 - 13_38,3,299,0
13_38 - 14_13,4,302,0
14_13 - 14_37,3,305,1
14_37 - 15_15,0,308,0
15_15 - 15_37,2,308,0
15_37 - 16_21,3,308,2
16_21 - 16_39,2,310,1
16_39 - 17_13,1,312,0
17_13 - 17_37,2,313,0
17_37 - 18_19,4,315,0
18_19 - 18_37,0,319,0
18_37 - 19_13,3,319,0
19_13 - 19_38,1,322,0
19_38 - 20_17,2,323,0
20_17 - 20_38,2,325,0
20_38 - 21_13,3,327,0
21_13 - 21_37,1,330,0
21_37 - 22_14,1,330,1
22_14 - 22_37,0,331,0
22_37 - 23_15,0,331,0
23_15 - 23_37,0,331,0
23_37 - 02_01,4,68,263
02_01 - 03_12,2,71,1
03_12 - 03_40,0,73,0
03_40 - 04_18,0,73,0
04_18 - 04_37,0,73,0
04_37 - 05_15,0,73,0
05_15 - 05_37,0,73,0
05_37 - 06_20,0,73,0
06_20 - 06_38,0,73,0
06_38 - 07_17,1,73,0
07_17 - 07_38,1,74,0
07_38 - 08_19,0,75,0
08_19 - 08_37,0,75,0
08_37 - 09_16,1,75,0
09_16 - 09_38,0,76,0
09_38 - 10_17,3,76,0
10_17 - 10_37,1,79,0
10_37 - 11_13,6,80,0
11_13 - 11_38,1,86,0
11_38 - 12_31,8,86,1
12_31 - 13_17,8,93,1
13_17 - 13_38,5,101,0
13_38 - 14_14,8,103,3
14_14 - 14_37,3,111,0
14_37 - 15_15,3,114,0
15_15 - 15_38,5,117,0
15_38 - 16_20,5,121,1
16_20 - 16_38,1,125,1
16_38 - 17_13,6,125,1
17_13 - 17_37,2,129,2
17_37 - 18_19,1,131,0
18_19 - 18_38,1,132,0
18_38 - 19_12,5,131,2
19_12 - 19_37,2,134,2
19_37 - 20_16,5,135,1
20_16 - 20_37,2,138,2
20_37 - 21_13,1,140,0
21_13 - 21_37,2,141,0
21_37 - 22_14,5,143,0
22_14 - 22_38,0,148,0
22_38 - 23_16,3,148,0
23_16 - 23_37,2,151,0
23_37 - 01_47,2,86,67
01_47 - 02_52,2,88,0
02_52 - 03_19,2,90,0
03_19 - 03_37,1,92,0
03_37 - 04_19,2,93,0
04_19 - 04_38,0,95,0
04_38 - 05_16,2,95,0
05_16 - 05_37,0,97,0
05_37 - 06_22,1,97,0
06_22 - 06_38,0,98,0
06_38 - 07_15,3,98,0
07_15 - 07_37,1,101,0
07_37 - 08_21,2,102,0
08_21 - 08_37,3,103,1
08_37 - 09_17,4,106,0
09_17 - 09_38,3,110,0
09_38 - 10_18,9,113,0
10_18 - 10_37,6,122,0
10_37 - 11_13,19,127,1
11_13 - 11_38,15,144,2
11_38 - 12_37,30,157,2
12_37 - 13_20,26,187,0
13_20 - 13_37,8,212,1
13_37 - 14_15,17,220,0
14_15 - 14_38,12,236,1
14_38 - 15_17,14,248,0
15_17 - 15_38,5,262,0
15_38 - 16_22,19,265,2
16_22 - 16_39,5,282,2
16_39 - 17_14,12,283,4
17_14 - 17_37,12,294,1
17_37 - 18_20,18,302,4
18_20 - 18_38,5,319,1
18_38 - 19_13,9,321,3
19_13 - 19_37,7,328,2
19_37 - 20_17,12,330,5
20_17 - 20_37,7,340,2
20_37 - 21_14,8,346,1
21_14 - 21_38,4,353,1
21_38 - 22_15,4,357,0
22_15 - 22_37,8,359,2
22_37 - 23_16,7,367,0
23_16 - 23_37,2,374,0
23_37 - 01_49,14,291,85
01_49 - 02_56,5,304,1
02_56 - 03_22,2,309,0
03_22 - 03_37,0,311,0
03_37 - 04_19,3,310,1
04_19 - 04_37,1,313,0
04_37 - 05_16,2,313,1
05_16 - 05_38,1,314,1
05_38 - 06_21,3,315,0
06_21 - 06_38,0,318,0
06_38 - 07_15,3,318,0
07_15 - 07_37,0,321,0
07_37 - 08_20,6,321,0
08_20 - 08_38,2,326,1
08_38 - 09_16,9,327,1
09_16 - 09_38,1,336,0
09_38 - 10_17,23,337,0
10_17 - 10_38,3,360,0
10_38 - 11_13,19,361,2
11_13 - 11_38,19,380,0
11_38 - 12_35,42,399,0
12_35 - 13_20,30,440,1
13_20 - 13_37,8,470,0
13_37 - 14_15,25,477,1
14_15 - 14_37,16,500,2
14_37 - 15_17,11,514,2
15_17 - 15_38,11,521,4
15_38 - 16_22,12,529,3
16_22 - 16_40,11,540,1
16_40 - 17_14,14,548,3
17_14 - 17_38,6,561,1
17_38 - 18_20,12,567,0
18_20 - 18_38,4,579,0
18_38 - 19_13,11,583,0
19_13 - 19_37,7,592,2
19_37 - 20_17,14,597,2
20_17 - 20_38,5,609,2
20_38 - 21_15,6,612,2
21_15 - 21_37,4,618,0
21_37 - 22_15,10,621,1
22_15 - 22_37,7,631,0
22_37 - 23_16,9,637,1
23_16 - 23_38,4,646,0
23_38 - 01_50,8,358,292
01_50 - 02_55,1,366,0
02_55 - 03_21,0,367,0
03_21 - 03_37,0,367,0
03_37 - 04_20,5,366,1
04_20 - 04_38,0,371,0
04_38 - 05_16,0,371,0
05_16 - 05_37,0,371,0
05_37 - 06_21,4,371,0
06_21 - 06_38,1,375,0
06_38 - 07_15,5,376,0
07_15 - 07_38,1,381,0
07_38 - 08_21,3,381,1
08_21 - 08_37,0,384,0
08_37 - 09_16,3,384,0
09_16 - 09_38,2,387,0
09_38 - 10_17,10,389,0
10_17 - 10_37,10,399,0
10_37 - 11_13,20,409,0
11_13 - 11_37,13,429,0
11_37 - 12_34,32,441,1
12_34 - 13_22,22,473,0
13_22 - 13_38,10,495,0
13_38 - 14_15,18,505,0
14_15 - 14_38,10,520,3
14_38 - 15_17,12,529,1
15_17 - 15_37,6,537,4
15_37 - 16_22,18,540,3
16_22 - 16_41,5,558,0
16_41 - 17_14,14,560,3
17_14 - 17_37,7,573,1
17_37 - 18_21,18,578,2
18_21 - 18_38,5,595,1
18_38 - 19_13,13,599,1
19_13 - 19_37,8,610,2
19_37 - 20_17,10,617,1
20_17 - 20_38,3,627,0
20_38 - 21_14,14,627,3
21_14 - 21_37,6,638,3
21_37 - 22_15,10,644,0
22_15 - 22_37,3,654,0
22_37 - 23_17,10,656,1
23_17 - 23_38,3,664,2
23_38 - 01_47,11,305,362
01_47 - 02_54,5,316,0
02_54 - 03_21,1,320,1
03_21 - 03_38,0,321,0
03_38 - 04_20,5,318,3
04_20 - 04_37,0,323,0
04_37 - 05_16,2,321,2
05_16 - 05_37,0,323,0
05_37 - 06_22,3,323,0
06_22 - 06_38,0,326,0
06_38 - 07_15,2,326,0
07_15 - 07_38,0,328,0
07_38 - 08_20,3,328,0
08_20 - 08_37,0,331,0
08_37 - 09_16,5,330,1
09_16 - 09_37,3,335,0
09_37 - 10_18,25,338,0
10_18 - 10_37,2,363,0
10_37 - 11_14,25,364,1
11_14 - 11_38,15,389,0
11_38 - 12_32,38,403,1
12_32 - 13_24,28,439,2
13_24 - 13_38,8,467,0
13_38 - 14_15,23,474,1
14_15 - 14_38,12,496,1
14_38 - 15_17,11,507,1
15_17 - 15_37,7,517,1
15_37 - 16_22,26,519,5
16_22 - 16_40,8,543,2
16_40 - 17_15,14,545,6
17_15 - 17_38,7,558,1
17_38 - 18_20,17,562,3
18_20 - 18_38,7,578,1
18_38 - 19_14,17,581,4
19_14 - 19_37,4,598,0
19_37 - 20_16,7,601,1
20_16 - 20_38,7,606,2
20_38 - 21_15,10,612,1
21_15 - 21_38,2,622,0
21_38 - 22_16,8,622,2
22_16 - 22_38,5,628,2
22_38 - 23_17,6,631,2
23_17 - 23_38,1,637,0
23_38 - 01_48,7,333,305
01_48 - 02_57,6,340,0
02_57 - 03_24,0,346,0
03_24 - 03_38,0,346,0
03_38 - 04_20,4,346,0
04_20 - 04_37,0,350,0
04_37 - 05_15,2,349,1
05_15 - 05_37,2,351,0
05_37 - 06_22,3,353,0
06_22 - 06_38,0,356,0
06_38 - 07_16,1,356,0
07_16 - 07_38,1,357,0
07_38 - 08_20,1,358,0
08_20 - 08_38,1,359,0
08_38 - 09_16,0,360,0
09_16 - 09_38,3,360,0
09_38 - 10_18,9,363,0
10_18 - 10_38,7,372,0
10_38 - 11_14,13,379,0
11_14 - 11_37,12,392,0
11_37 - 12_33,29,403,1
12_33 - 13_20,23,432,0
13_20 - 13_38,8,454,1
13_38 - 14_15,17,462,0
14_15 - 14_38,8,478,1
14_38 - 15_16,24,483,3
15_16 - 15_38,8,507,0
15_38 - 16_21,16,513,2
16_21 - 16_40,3,529,0
16_40 - 17_15,9,531,1
17_15 - 17_38,5,539,1
17_38 - 18_20,7,543,1
